{
  "track_name": "Monkey Meadow",
  "path_corners": [
    [
      20.8,
      894.4
    ],
    [
      1144.0,
      888.0
    ],
    [
      1203.2,
      835.2
    ],
    [
      1212.8,
      729.6
    ],
    [
      1193.6,
      643.2
    ],
    [
      1129.6,
      585.6
    ],
    [
      1043.2,
      569.6
    ],
    [
      961.6,
      611.2
    ],
    [
      940.8,
      694.4
    ],
    [
      969.6,
      772.8
    ],
    [
      1044.8,
      806.4
    ],
    [
      1137.6,
      803.2
    ],
    [
      1270.4,
      713.6
    ],
    [
      1286.4,
      598.4
    ],
    [
      1280.0,
      289.6
    ],
    [
      1212.8,
      227.2
    ],
    [
      1088.0,
      208.0
    ],
    [
      1000.0,
      219.2
    ],
    [
      955.2,
      259.2
    ],
    [
      937.6,
      305.6
    ],
    [
      937.6,
      358.4
    ],
    [
      982.4,
      400.0
    ],
    [
      1054.4,
      422.4
    ],
    [
      1134.4,
      401.6
    ],
    [
      1187.2,
      345.6
    ],
    [
      1204.8,
      257.6
    ],
    [
      1208.0,
      180.8
    ],
    [
      1155.2,
      110.4
    ],
    [
      556.8,
      113.6
    ],
    [
      497.6,
      179.2
    ],
    [
      491.2,
      241.6
    ],
    [
      507.2,
      334.4
    ],
    [
      561.6,
      393.6
    ],
    [
      632.0,
      433.6
    ],
    [
      707.2,
      416.0
    ],
    [
      766.4,
      356.8
    ],
    [
      769.6,
      278.4
    ],
    [
      720.0,
      225.6
    ],
    [
      630.4,
      209.6
    ],
    [
      542.4,
      222.4
    ],
    [
      454.4,
      251.2
    ],
    [
      422.4,
      323.2
    ],
    [
      417.6,
      416.0
    ],
    [
      422.4,
      1078.4
    ]
  ],
  "flow_points": [
    [
      20.8,
      894.4
    ],
    [
      53.0777416431449,
      894.2160812441986
    ],
    [
      85.3554832862898,
      894.0321624883973
    ],
    [
      117.63322492943469,
      893.8482437325958
    ],
    [
      149.9109665725796,
      893.6643249767943
    ],
    [
      182.1887082157245,
      893.480406220993
    ],
    [
      214.46644985886937,
      893.2964874651916
    ],
    [
      246.7441915020143,
      893.1125687093902
    ],
    [
      279.0219331451592,
      892.9286499535889
    ],
    [
      311.2996747883041,
      892.7447311977874
    ],
    [
      343.577416431449,
      892.5608124419862
    ],
    [
      375.855158074594,
      892.3768936861846
    ],
    [
      408.1328997177387,
      892.1929749303832
    ],
    [
      440.4106413608837,
      892.0090561745817
    ],
    [
      472.6883830040286,
      891.8251374187805
    ],
    [
      504.96612464717356,
      891.641218662979
    ],
    [
      537.2438662903185,
      891.4572999071777
    ],
    [
      569.5216079334633,
      891.273381151376
    ],
    [
      601.7993495766083,
      891.0894623955749
    ],
    [
      634.077091219753,
      890.9055436397736
    ],
    [
      666.354832862898,
      890.721624883972
    ],
    [
      698.6325745060428,
      890.5377061281706
    ],
    [
      730.9103161491879,
      890.3537873723693
    ],
    [
      763.1880577923328,
      890.1698686165679
    ],
    [
      795.4657994354775,
      889.9859498607666
    ],
    [
      827.7435410786226,
      889.8020311049652
    ],
    [
      860.0212827217674,
      889.6181123491637
    ],
    [
      892.2990243649122,
      889.4341935933622
    ],
    [
      924.5767660080571,
      889.2502748375609
    ],
    [
      956.8545076512021,
      889.0663560817595
    ],
    [
      989.132249294347,
      888.8824373259582
    ],
    [
      1021.409990937492,
      888.6985185701567
    ],
    [
      1053.6877325806367,
      888.5145998143555
    ],
    [
      1085.9654742237817,
      888.3306810585539
    ],
    [
      1118.2432158669267,
      888.1467623027526
    ],
    [
      1148.8666398194578,
      883.6594834042675
    ],
    [
      1172.9557620871742,
      862.1745905708988
    ],
    [
      1197.0448843548909,
      840.6896977375296
    ],
    [
      1205.3756379499569,
      811.2679825504745
    ],
    [
      1208.2979748091798,
      779.1222770990214
    ],
    [
      1211.2203116684027,
      746.9765716475686
    ],
    [
      1209.582913130791,
      715.1231090885598
    ],
    [
      1202.5807741913952,
      683.6134838612783
    ],
    [
      1195.5786352519995,
      652.1038586339967
    ],
    [
      1176.3873830072566,
      627.7086447065309
    ],
    [
      1152.3951371179623,
      606.1156234061662
    ],
    [
      1128.0163799502493,
      585.3067370278238
    ],
    [
      1096.2777422101096,
      579.4292115203907
    ],
    [
      1064.53910446997,
      573.5516860129574
    ],
    [
      1033.7774660083887,
      574.4036447800372
    ],
    [
      1005.0205607526757,
      589.064027851577
    ],
    [
      976.2636554969628,
      603.724410923117
    ],
    [
      957.7633274717907,
      626.546690112837
    ],
    [
      949.9346981435971,
      657.8612074256123
    ],
    [
      942.1060688154032,
      689.1757247383872
    ],
    [
      950.0732470368333,
      719.6438391558243
    ],
    [
      961.2033566889829,
      749.9424709866756
    ],
    [
      976.8376803664023,
      776.0338571849883
    ],
    [
      1006.3080180446416,
      789.20145487101
    ],
    [
      1035.7783557228802,
      802.3690525570316
    ],
    [
      1067.1837370075432,
      805.6281469997399
    ],
    [
      1099.4428293208482,
      804.5157645061777
    ],
    [
      1131.701921634154,
      803.4033820126153
    ],
    [
      1159.4653312191076,
      788.4474873702408
    ],
    [
      1186.2228656471864,
      770.3942111296094
    ],
    [
      1212.9804000752647,
      752.3409348889779
    ],
    [
      1239.737934503343,
      734.2876586483468
    ],
    [
      1266.4954689314218,
      716.2343824077154
    ],
    [
      1274.1925033866232,
      686.2939756163132
    ],
    [
      1278.6329718160819,
      654.3226029242103
    ],
    [
      1283.0734402455407,
      622.3512302321078
    ],
    [
      1286.232219911472,
      590.3046107285229
    ],
    [
      1285.5633839441061,
      558.0332753031164
    ],
    [
      1284.8945479767401,
      525.7619398777096
    ],
    [
      1284.225712009374,
      493.4906044523029
    ],
    [
      1283.5568760420083,
      461.2192690268965
    ],
    [
      1282.8880400746425,
      428.9479336014897
    ],
    [
      1282.2192041072763,
      396.67659817608325
    ],
    [
      1281.5503681399102,
      364.40526275067646
    ],
    [
      1280.8815321725444,
      332.13392732527007
    ],
    [
      1280.2126962051784,
      299.8625918998633
    ],
    [
      1263.8686725621642,
      274.62091023629523
    ],
    [
      1240.2153695919478,
      252.65712890680874
    ],
    [
      1216.5620666217314,
      230.69334757732204
    ],
    [
      1185.9712477488167,
      223.07249965366412
    ],
    [
      1154.0683235568545,
      218.16435747028527
    ],
    [
      1122.1653993648924,
      213.25621528690652
    ],
    [
      1090.26247517293,
      208.34807310352772
    ],
    [
      1058.2508038227697,
      211.78626133164752
    ],
    [
      1026.23083172975,
      215.86153050712272
    ],
    [
      995.6468277056161,
      223.08676097712834
    ],
    [
      971.5692537247462,
      244.58459488861953
    ],
    [
      951.5350980149833,
      268.8620143241352
    ],
    [
      940.0874744413816,
      299.04211283635766
    ],
    [
      937.6,
      330.86446400517195
    ],
    [
      941.0754414047644,
      361.62719559013846
    ],
    [
      964.7287443749808,
      383.5909769196252
    ],
    [
      990.1948269316865,
      402.4250572676358
    ],
    [
      1021.0159475909211,
      412.0138503616199
    ],
    [
      1051.8370682501559,
      421.6026434556041
    ],
    [
