{
  "track_name": "Monkey Meadow",
  "path_corners": [
    [
      8.0,
      449.6
    ],
    [
      803.2,
      456.0
    ],
    [
      833.6,
      430.4
    ],
    [
      833.6,
      230.4
    ],
    [
      792.0,
      211.2
    ],
    [
      571.2,
      219.2
    ],
    [
      564.8,
      816.0
    ],
    [
      521.6,
      844.8
    ],
    [
      334.4,
      844.8
    ],
    [
      302.4,
      814.4
    ],
    [
      308.8,
      625.6
    ],
    [
      985.6,
      609.6
    ],
    [
      1043.2,
      569.6
    ],
    [
      1056.0,
      392.0
    ],
    [
      1100.8,
      364.8
    ],
    [
      1222.4,
      379.2
    ],
    [
      1240.0,
      424.0
    ],
    [
      1235.2,
      731.2
    ],
    [
      1193.6,
      764.8
    ],
    [
      806.4,
      771.2
    ],
    [
      748.8,
      819.2
    ],
    [
      745.6,
      1044.8
    ]
  ],
  "flow_points": [
    [
      8.0,
      449.6
    ],
    [
      40.39233715094599,
      449.86070291469576
    ],
    [
      72.78467430189198,
      450.12140582939145
    ],
    [
      105.17701145283797,
      450.38210874408725
    ],
    [
      137.56934860378396,
      450.642811658783
    ],
    [
      169.96168575472996,
      450.9035145734787
    ],
    [
      202.35402290567595,
      451.1642174881745
    ],
    [
      234.74636005662197,
      451.42492040287027
    ],
    [
      267.13869720756793,
      451.68562331756596
    ],
    [
      299.5310343585139,
      451.9463262322617
    ],
    [
      331.9233715094599,
      452.2070291469574
    ],
    [
      364.3157086604059,
      452.4677320616532
    ],
    [
      396.7080458113519,
      452.7284349763489
    ],
    [
      429.1003829622978,
      452.9891378910446
    ],
    [
      461.49272011324393,
      453.2498408057404
    ],
    [
      493.88505726418987,
      453.5105437204362
    ],
    [
      526.2773944151359,
      453.7712466351319
    ],
    [
      558.6697315660819,
      454.03194954982763
    ],
    [
      591.0620687170278,
      454.2926524645233
    ],
    [
      623.4544058679738,
      454.5533553792191
    ],
    [
      655.8467430189198,
      454.81405829391485
    ],
    [
      688.2390801698659,
      455.07476120861054
    ],
    [
      720.6314173208118,
      455.33546412330634
    ],
    [
      753.0237544717578,
      455.596167038002
    ],
    [
      785.4160916227038,
      455.8568699526978
    ],
    [
      814.374512652627,
      446.5898840819983
    ],
    [
      833.6,
      423.14088737830406
    ],
    [
      833.6,
      390.74750113804987
    ],
    [
      833.6,
      358.3541148977956
    ],
    [
      833.6,
      325.9607286575416
    ],
    [
      833.6,
      293.56734241728736
    ],
    [
      833.6,
      261.17395617703335
    ],
    [
      832.1296232765565,
      229.7213645891799
    ],
    [
      802.71774424397,
      216.14665118952453
    ],
    [
      771.424325781599,
      211.94549544269566
    ],
    [
      739.0521808298023,
      213.11839924529698
    ],
    [
      706.6800358780058,
      214.29130304789834
    ],
    [
      674.3078909262092,
      215.46420685049966
    ],
    [
      641.9357459744126,
      216.637110653101
    ],
    [
      609.563601022616,
      217.81001445570232
    ],
    [
      577.1914560708194,
      218.98291825830364
    ],
    [
      570.9169278171655,
      245.5964810493052
    ],
    [
      570.5695656320506,
      277.98800481128103
    ],
    [
      570.2222034469356,
      310.37952857325683
    ],
    [
      569.8748412618205,
      342.7710523352324
    ],
    [
      569.5274790767056,
      375.1625760972082
    ],
    [
      569.1801168915905,
      407.55409985918385
    ],
    [
      568.8327547064755,
      439.94562362115965
    ],
    [
      568.4853925213605,
      472.3371473831354
    ],
    [
      568.1380303362455,
      504.7286711451111
    ],
    [
      567.7906681511305,
      537.1201949070869
    ],
    [
      567.4433059660154,
      569.5117186690625
    ],
    [
      567.0959437809004,
      601.9032424310383
    ],
    [
      566.7485815957854,
      634.2947661930142
    ],
    [
      566.4012194106704,
      666.6862899549898
    ],
    [
      566.0538572255554,
      699.0778137169654
    ],
    [
      565.7064950404404,
      731.4693374789415
    ],
    [
      565.3591328553254,
      763.8608612409171
    ],
    [
      565.0117706702102,
      796.2523850028928
    ],
    [
      554.2790270806022,
      823.0139819462653
    ],
    [
      527.3261005247994,
      840.9825996501338
    ],
    [
      496.08853010995443,
      844.8
    ],
    [
      463.6951438697004,
      844.8
    ],
    [
      431.301757629446,
      844.8
    ],
    [
      398.908371389192,
      844.8
    ],
    [
      366.5149851489379,
      844.8
    ],
    [
      334.19815936648354,
      844.6082513981594
    ],
    [
      310.7129726900943,
      822.2973240555897
    ],
    [
      303.1089896518969,
      793.4848052690425
    ],
    [
      304.2064401849217,
      761.1100145448102
    ],
    [
      305.3038907179465,
      728.7352238205774
    ],
    [
      306.40134125097137,
      696.360433096345
    ],
    [
      307.4987917839961,
      663.9856423721126
    ],
    [
      308.59624231702105,
      631.6108516478798
    ],
    [
      335.1717137696936,
      624.976555230031
    ],
    [
      367.55605178005555,
      624.2109680430246
    ],
    [
      399.9403897904178,
      623.4453808560185
    ],
    [
      432.32472780077967,
      622.6797936690124
    ],
    [
      464.7090658111416,
      621.914206482006
    ],
    [
      497.09340382150356,
      621.148619295
    ],
    [
      529.4777418318658,
      620.3830321079938
    ],
    [
      561.8620798422278,
      619.6174449209875
    ],
    [
      594.2464178525896,
      618.8518577339813
    ],
    [
      626.630755862952,
      618.0862705469751
    ],
    [
      659.0150938733138,
      617.320683359969
    ],
    [
      691.3994318836758,
      616.5550961729627
    ],
    [
      723.7837698940381,
      615.7895089859566
    ],
    [
      756.1681079043999,
      615.0239217989504
    ],
    [
      788.5524459147618,
      614.2583346119442
    ],
    [
      820.9367839251238,
      613.492747424938
    ],
    [
      853.321121935486,
      612.7271602379318
    ],
    [
      885.7054599458479,
      611.9615730509256
    ],
    [
      918.0897979562098,
      611.1959858639193
    ],
    [
      950.4741359665722,
      610.4303986769131
    ],
    [
      982.8584739769342,
      609.6648114899069
    ],
    [
      1009.9545182506394,
      592.6871401037228
    ],
    [
      1036.5614727948387,
      574.2100883369176
    ],
    [
      1044.9476200777726,
      545.3517714209047
    ],
    [
      1047.2762385102778,
      513.0421906698941
    ],
    [
      1049.6048569427833,
      480.73260991888367
    ],
    [
      1051.9334753752885,
      448.42302916787264
    ],
    [
      1054.262093807794,
      416.11344841686207
    ],
    [
      1063.0241238244462,
      387.73535339230057
    ],
    [
      1090.713585958371,
      370.92389423956064
    ],
    [
      1121.2505826288805,
      367.2217795218411
    ],
    [
      1153.4191951526936,
      371.0312204786085
    ],
    [
      1185.5878076765061,
      374.84066143537575
    ],
    [
      1217.7564202003186,
      378.65010239214297
    ],
    [
      1232.5349184672796,
      404.9979742803483
    ],
    [
      1239.8128728779827,
      435.97613580910365
    ],
    [
      1239.3067879921489,
      468.3655685024778
    ],
    [
      1238.8007031063148,
      500.75500119585183
    ],
    [
      1238.2946182204807,
      533.1444338892267
    ],
    [
      1237.788533334647,
      565.5338665826008
    ],
    [
      1237.282448448813,
      597.9232992759748
    ],
    [
      1236.7763635629788,
      630.3127319693489
    ],
