{
  "track_name": "Monkey Meadow",
  "path_corners": [
    [
      684.8,
      4.8
    ],
    [
      265.6,
      438.4
    ],
    [
      276.8,
      460.8
    ],
    [
      689.6,
      593.6
    ],
    [
      704.0,
      616.0
    ],
    [
      403.2,
      803.2
    ],
    [
      396.8,
      830.4
    ],
    [
      804.8,
      1030.4
    ],
    [
      824.0,
      1022.4
    ],
    [
      846.4,
      64.0
    ],
    [
      872.0,
      44.8
    ],
    [
      1436.8,
      366.4
    ],
    [
      1438.4,
      400.0
    ],
    [
      1020.8,
      662.4
    ],
    [
      1014.4,
      689.6
    ],
    [
      1635.2,
      1073.6
    ]
  ],
  "flow_points": [
    [
      684.8,
      4.8
    ],
    [
      662.3774669552331,
      27.99277272951082
    ],
    [
      639.9549339104661,
      51.18554545902163
    ],
    [
      617.5324008656992,
      74.37831818853245
    ],
    [
      595.1098678209323,
      97.57109091804327
    ],
    [
      572.6873347761655,
      120.76386364755407
    ],
    [
      550.2648017313985,
      143.95663637706488
    ],
    [
      527.8422686866315,
      167.14940910657572
    ],
    [
      505.41973564186475,
      190.34218183608652
    ],
    [
      482.9972025970977,
      213.5349545655974
    ],
    [
      460.5746695523309,
      236.72772729510817
    ],
    [
      438.15213650756397,
      259.92050002461895
    ],
    [
      415.72960346279706,
      283.11327275412975
    ],
    [
      393.3070704180301,
      306.3060454836406
    ],
    [
      370.8845373732632,
      329.4988182131514
    ],
    [
      348.4620043284963,
      352.69159094266223
    ],
    [
      326.03947128372937,
      375.88436367217304
    ],
    [
      303.61693823896246,
      399.07713640168384
    ],
    [
      281.1944051941955,
      422.2699091311948
    ],
    [
      269.9932859003094,
      447.1865718006187
    ],
    [
      293.0205101395836,
      466.01822613017623
    ],
    [
      323.7299881211159,
      475.89763183741326
    ],
    [
      354.4394661026481,
      485.7770375446504
    ],
    [
      385.1489440841804,
      495.6564432518875
    ],
    [
      415.8584220657127,
      505.5358489591246
    ],
    [
      446.56790004724496,
      515.4152546663618
    ],
    [
      477.27737802877726,
      525.2946603735988
    ],
    [
      507.98685601030957,
      535.174066080836
    ],
    [
      538.6963339918417,
      545.0534717880731
    ],
    [
      569.4058119733739,
      554.9328774953102
    ],
    [
      600.1152899549063,
      564.8122832025474
    ],
    [
      630.8247679364385,
      574.6916889097845
    ],
    [
      661.5342459179708,
      584.5710946170217
    ],
    [
      691.1017712472817,
      595.9360886068825
    ],
    [
      696.8620671262647,
      620.4422241820587
    ],
    [
      669.4733863842803,
      637.487307409783
    ],
    [
      642.0847056422956,
      654.5323906375075
    ],
    [
      614.6960249003113,
      671.5774738652319
    ],
    [
      587.3073441583267,
      688.6225570929562
    ],
    [
      559.9186634163423,
      705.6676403206806
    ],
    [
      532.5299826743577,
      722.712723548405
    ],
    [
      505.14130193237315,
      739.7578067761294
    ],
    [
      477.7526211903886,
      756.8028900038539
    ],
    [
      450.3639404484041,
      773.8479732315783
    ],
    [
      422.9752597064197,
      790.8930564593027
    ],
    [
      401.1461141499491,
      811.9290148627164
    ],
    [
      408.72805507970526,
      836.247085823385
    ],
    [
      437.69451965484006,
      850.4463331641373
    ],
    [
      466.66098422997493,
      864.6455805048896
    ],
    [
      495.62744880510974,
      878.844827845642
    ],
    [
      524.5939133802447,
      893.0440751863946
    ],
    [
      553.5603779553792,
      907.2433225271467
    ],
    [
      582.5268425305143,
      921.4425698678991
    ],
    [
      611.493307105649,
      935.6418172086514
    ],
    [
      640.459771680784,
      949.8410645494039
    ],
    [
      669.4262362559186,
      964.0403118901562
    ],
    [
      698.3927008310534,
      978.2395592309085
    ],
    [
      727.3591654061884,
      992.438806571661
    ],
    [
      756.3256299813231,
      1006.6380539124133
    ],
    [
      785.2920945564581,
      1020.8373012531658
    ],
    [
      814.5235506865415,
      1026.3485205472743
    ],
    [
      824.513894236002,
      1000.4126680453435
    ],
    [
      825.2676664482984,
      968.1619855335211
    ],
    [
      826.0214386605946,
      935.9113030216984
    ],
    [
      826.775210872891,
      903.660620509876
    ],
    [
      827.5289830851874,
      871.4099379980538
    ],
    [
      828.2827552974837,
      839.1592554862309
    ],
    [
      829.03652750978,
      806.9085729744086
    ],
    [
      829.7902997220765,
      774.6578904625858
    ],
    [
      830.5440719343729,
      742.4072079507634
    ],
    [
      831.2978441466691,
      710.1565254389409
    ],
    [
      832.0516163589655,
      677.9058429271183
    ],
    [
      832.8053885712618,
      645.6551604152955
    ],
    [
      833.5591607835584,
      613.4044779034733
    ],
    [
      834.3129329958545,
      581.153795391651
    ],
    [
      835.066705208151,
      548.9031128798281
    ],
    [
      835.8204774204474,
      516.6524303680059
    ],
    [
      836.5742496327435,
      484.4017478561831
    ],
    [
      837.32802184504,
      452.15106534436075
    ],
    [
      838.0817940573364,
      419.90038283253796
    ],
    [
      838.8355662696327,
      387.6497003207156
    ],
    [
      839.589338481929,
      355.3990178088932
    ],
    [
      840.3431106942255,
      323.1483352970705
    ],
    [
      841.0968829065217,
      290.89765278524806
    ],
    [
      841.850655118818,
      258.6469702734254
    ],
    [
      842.6044273311145,
      226.396287761603
    ],
    [
      843.3581995434108,
      194.14560524978026
    ],
    [
      844.1119717557073,
      161.89492273795787
    ],
    [
      844.8657439680035,
      129.64424022613557
    ],
    [
      845.6195161803,
      97.39355771431276
    ],
    [
      846.3732883925962,
      65.14287520249047
    ],
    [
      871.2930421471414,
      45.33021838964407
    ],
    [
      899.2655510842317,
      60.32514381850016
    ],
    [
      927.2990347768131,
      76.28755237999835
    ],
    [
      955.3325184693942,
      92.24996094149637
    ],
    [
      983.3660021619755,
      108.21236950299458
    ],
    [
      1011.3994858545566,
      124.1747780644926
    ],
    [
      1039.4329695471376,
      140.1371866259906
    ],
    [
      1067.4664532397192,
      156.0995951874888
    ],
    [
      1095.4999369323002,
      172.0620037489868
    ],
    [
      1123.5334206248815,
      188.02441231048502
    ],
    [
      1151.5669043174628,
      203.98682087198307
    ],
    [
      1179.6003880100438,
      219.94922943348107
    ],
    [
      1207.6338717026251,
      235.91163799497926
    ],
    [
      1235.6673553952066,
      251.87404655647742
    ],
    [
      1263.7008390877875,
      267.8364551179753
    ],
    [
      1291.734322780369,
      283.79886367947347
    ],
    [
      1319.7678064729503,
      299.76127224097166
    ],
    [
      1347.8012901655316,
      315.72368080246986
    ],
    [
      1375.8347738581124,
      331.68608936396777
    ],
    [
      1403.8682575506941,
      347.64849792546596
    ],
    [
      1431.9017412432752,
      363.61090648696415
    ],
    [
      1438.0663186947402,
      392.9926925895453
    ],
    [
      1417.0251935856809,
      413.43091284271395
    ],
    [
      1389.710436196201,
      430.59420867365145
    ],
    [
      1362.3956788067212,
      447.7575045045889
    ],
    [
      1335.080921417242,
      464.920800335526
    ],
    [
      1307.7661640277624,
